1,bwessing0,jollett0@sciencedirect.com,2013-10-01,9
2,blibri1,fvosper1@techcrunch.com,2008-02-11,37
3,sdicte2,edurward2@list-manage.com,2022-01-20,39
4,cdruitt3,dcoltart3@aboutads.info,2008-05-27,18
5,bphipardshears4,bconaghy4@hibu.com,2010-02-25,52
6,emicheli5,crolph5@icq.com,2021-08-11,61
7,kcorney6,rproschke6@acquirethisname.com,2010-11-27,47
8,rfullegar7,nlyokhin7@pen.io,2018-09-10,22
9,aclingan8,bespinoy8@hibu.com,2017-11-17,40
10,pstringman9,ededei9@list-manage.com,2012-02-08,7
11,blinnemanna,sbenduhna@patch.com,2019-03-29,27
12,pscreasb,skenderdineb@opensource.org,2014-04-01,44
13,banfonsic,skohrtc@cafepress.com,2009-10-11,20
14,imalamored,dsmedleyd@merriam-webster.com,2018-10-03,17
15,cposthille,lgahane@quantcast.com,2015-04-05,11
16,bmabeyf,oalesinf@google.es,2008-02-26,5
17,fwhacketg,lperhamg@businesswire.com,2015-05-17,49
18,jwarrillowh,rtottonh@msn.com,2021-03-20,42
19,kbarstowi,divachyovi@typepad.com,2022-01-28,14
20,fomolanj,lbrewittj@xinhuanet.com,2021-06-08,8
21,lrustk,bvettorek@jigsy.com,2007-06-16,21
22,alyddonl,kstringfellowl@soundcloud.com,2009-07-11,54
23,sdigweedm,vlowrym@hhs.gov,2019-01-31,2
24,vlamkinn,afairchildn@disqus.com,2017-12-28,31
25,stittao,tjojico@geocities.jp,2020-03-07,65
26,btenbrugp,ebelseyp@webeden.co.uk,2014-12-23,48
27,zcoalesq,trangeleyq@flickr.com,2022-06-05,58
28,jdixseer,dkaminskir@clickbank.net,2010-01-18,34
29,lleedess,celwards@discuz.net,2013-12-11,38
30,bblancht,riohananoft@wp.com,2010-02-04,60
31,tscatchardu,rlongcasteru@edublogs.org,2018-10-12,13
32,lgounodv,cjendrickev@kickstarter.com,2014-02-20,6
33,nhoutbyw,pshimwallw@wikia.com,2020-05-19,10
34,arakesx,hlodyx@ftc.gov,2013-01-08,56
35,rmacenzyy,gbachelary@yandex.ru,2021-08-01,41
36,aashcroftz,bsharplinz@msn.com,2014-11-29,15
37,tgodspeede10,rrich10@adobe.com,2017-03-16,36
38,kaish11,hbabonau11@wunderground.com,2022-07-29,53
39,cmacpharlain12,jdeyenhardt12@toplist.cz,2007-11-28,4
40,pklimp13,amuggleston13@tuttocitta.it,2008-12-21,32
41,tdohrmann14,jabbey14@oakley.com,2019-08-11,59
42,wruggiero15,alauks15@blogger.com,2006-12-24,55
43,mbedward16,lmcgorman16@behance.net,2007-10-07,24
44,mdinzey17,bcape17@nifty.com,2008-09-01,28
45,lgregore18,jcummungs18@blogger.com,2014-01-05,29
46,mthwaites19,pjeffels19@stumbleupon.com,2018-10-14,51
47,rmaccambridge1a,nwhittall1a@php.net,2020-05-26,25
48,bespadater1b,bgranleese1b@foxnews.com,2012-07-11,12
49,fwoolaghan1c,rgarling1c@netscape.com,2012-07-15,45
50,mjaggli1d,nhuggill1d@amazon.co.jp,2021-12-14,50
51,kmccorkell1e,cmelesk1e@bloomberg.com,2021-03-26,1
52,rhurdis1f,cchilver1f@qq.com,2013-11-21,35
53,dgodbert1g,balenov1g@chronoengine.com,2009-05-01,33
54,cmaccarrick1h,mfarnall1h@shareasale.com,2015-01-21,19
55,gtremelling1i,eroizin1i@163.com,2011-11-07,23
56,athundercliffe1j,lcordery1j@freewebs.com,2017-03-23,26
57,srosenbaum1k,tklimkiewich1k@springer.com,2019-04-22,16
58,dorrocks1l,gpirrone1l@mysql.com,2011-02-11,46
59,nyewdell1m,wscarth1m@mail.ru,2017-03-12,63
60,msnyder1n,bdefreyne1n@devhub.com,2009-06-13,3
61,smctrustrie1o,dclixby1o@msn.com,2009-11-14,43
62,spren1p,aambroix1p@printfriendly.com,2009-07-20,64
63,plafayette1q,dmance1q@goo.ne.jp,2008-04-20,57
64,ldominguez1r,fjekel1r@illinois.edu,2006-08-07,30
65,feggleson1s,jjellett1s@sphinn.com,2017-07-16,62